{"0":{"customCollisionMap":{"size":0,"defaultCollisionBehavior":{"type":"DoNothingCollisionBehavior"},"type":"CustomCollisionMap"},"appearance":{"image":{"path":"","x":-36.86013986013988,"width":705.4545454545455,"y":814.1328671328671,"type":"SaveableImage","height":25.734265734265733},"shape":{"color":"0xff0000ff","x":-36.86013986013988,"width":705.4545454545455,"y":814.1328671328671,"type":"SaveableRectangle","height":25.734265734265733},"x":-36.86013986013988,"width":705.4545454545455,"y":814.1328671328671,"shapeOrImage":1,"type":"HitBox","height":25.734265734265733},"visible":true,"spriteId":0,"eventBehaviorChain":{"size":0,"type":"EventBehaviorChain"},"type":"Sprite","hitBox":{"x":-36.86013986013988,"width":705.4545454545455,"y":814.1328671328671,"type":"HitBox","height":25.734265734265733},"enabled":true},"1":{"customCollisionMap":{"size":0,"defaultCollisionBehavior":{"type":"DoNothingCollisionBehavior"},"type":"CustomCollisionMap"},"appearance":{"image":{"path":"","x":132.23776223776224,"width":535.5244755244755,"y":704.1328671328671,"type":"SaveableImage","height":25.734265734265733},"shape":{"color":"0xff0000ff","x":132.23776223776224,"width":535.5244755244755,"y":704.1328671328671,"type":"SaveableRectangle","height":25.734265734265733},"x":132.23776223776224,"width":535.5244755244755,"y":704.1328671328671,"shapeOrImage":1,"type":"HitBox","height":25.734265734265733},"visible":true,"spriteId":1,"eventBehaviorChain":{"size":0,"type":"EventBehaviorChain"},"type":"Sprite","hitBox":{"x":132.23776223776224,"width":535.5244755244755,"y":704.1328671328671,"type":"HitBox","height":25.734265734265733},"enabled":true},"2":{"customCollisionMap":{"size":0,"defaultCollisionBehavior":{"type":"DoNothingCollisionBehavior"},"type":"CustomCollisionMap"},"appearance":{"image":{"path":"","x":-12.573426573426588,"width":463.1468531468532,"y":505.13286713286715,"type":"SaveableImage","height":25.734265734265733},"shape":{"color":"0xff0000ff","x":-12.573426573426588,"width":463.1468531468532,"y":505.13286713286715,"type":"SaveableRectangle","height":25.734265734265733},"x":-12.573426573426588,"width":463.1468531468532,"y":505.13286713286715,"shapeOrImage":1,"type":"HitBox","height":25.734265734265733},"visible":true,"spriteId":2,"eventBehaviorChain":{"size":0,"type":"EventBehaviorChain"},"type":"Sprite","hitBox":{"x":-12.573426573426588,"width":463.1468531468532,"y":505.13286713286715,"type":"HitBox","height":25.734265734265733},"enabled":true},"3":{"customCollisionMap":{"size":0,"defaultCollisionBehavior":{"type":"DoNothingCollisionBehavior"},"type":"CustomCollisionMap"},"appearance":{"image":{"path":"","x":168.4265734265734,"width":463.1468531468532,"y":303.13286713286715,"type":"SaveableImage","height":25.734265734265733},"shape":{"color":"0xff0000ff","x":168.4265734265734,"width":463.1468531468532,"y":303.13286713286715,"type":"SaveableRectangle","height":25.734265734265733},"x":168.4265734265734,"width":463.1468531468532,"y":303.13286713286715,"shapeOrImage":1,"type":"HitBox","height":25.734265734265733},"visible":true,"spriteId":3,"eventBehaviorChain":{"size":0,"type":"EventBehaviorChain"},"type":"Sprite","hitBox":{"x":168.4265734265734,"width":463.1468531468532,"y":303.13286713286715,"type":"HitBox","height":25.734265734265733},"enabled":true},"size":9,"4":{"customCollisionMap":{"size":0,"defaultCollisionBehavior":{"type":"DoNothingCollisionBehavior"},"type":"CustomCollisionMap"},"appearance":{"image":{"path":"","x":-87.57342657342659,"width":463.1468531468532,"y":95.13286713286713,"type":"SaveableImage","height":25.734265734265733},"shape":{"color":"0xff0000ff","x":-87.57342657342659,"width":463.1468531468532,"y":95.13286713286713,"type":"SaveableRectangle","height":25.734265734265733},"x":-87.57342657342659,"width":463.1468531468532,"y":95.13286713286713,"shapeOrImage":1,"type":"HitBox","height":25.734265734265733},"visible":true,"spriteId":4,"eventBehaviorChain":{"size":0,"type":"EventBehaviorChain"},"type":"Sprite","hitBox":{"x":-87.57342657342659,"width":463.1468531468532,"y":95.13286713286713,"type":"HitBox","height":25.734265734265733},"enabled":true},"5":{"customCollisionMap":{"size":0,"defaultCollisionBehavior":{"type":"DoNothingCollisionBehavior"},"type":"CustomCollisionMap"},"appearance":{"image":{"path":"","x":11.503496503496507,"width":116.99300699300699,"y":0.6643356643356668,"type":"SaveableImage","height":88.67132867132867},"shape":{"color":"0x994d00ff","x":11.503496503496507,"width":116.99300699300699,"y":0.6643356643356668,"type":"SaveableEllipse","height":88.67132867132867},"x":11.503496503496507,"width":116.99300699300699,"y":0.6643356643356668,"shapeOrImage":1,"type":"HitBox","height":88.67132867132867},"visible":true,"spriteId":7,"eventBehaviorChain":{"size":0,"type":"EventBehaviorChain"},"type":"Sprite","hitBox":{"x":11.503496503496507,"width":116.99300699300699,"y":0.6643356643356668,"type":"HitBox","height":88.67132867132867},"enabled":true},"6":{"customCollisionMap":{"size":0,"defaultCollisionBehavior":{"type":"DoNothingCollisionBehavior"},"type":"CustomCollisionMap"},"appearance":{"image":{"path":"","x":522.8531468531469,"width":16.293706293706293,"y":-0.8881118881118937,"type":"SaveableImage","height":714.895104895105},"shape":{"color":"0xff0000ff","x":522.8531468531469,"width":16.293706293706293,"y":-0.8881118881118937,"type":"SaveableRectangle","height":714.895104895105},"x":522.8531468531469,"width":16.293706293706293,"y":-0.8881118881118937,"shapeOrImage":1,"type":"HitBox","height":714.895104895105},"visible":false,"spriteId":8,"eventBehaviorChain":{"size":0,"type":"EventBehaviorChain"},"type":"Sprite","hitBox":{"x":522.8531468531469,"width":16.293706293706293,"y":-0.8881118881118937,"type":"HitBox","height":714.895104895105},"enabled":true},"7":{"customCollisionMap":{"size":0,"defaultCollisionBehavior":{"type":"DoNothingCollisionBehavior"},"type":"CustomCollisionMap"},"appearance":{"image":{"path":"","x":70.85314685314685,"width":16.293706293706293,"y":104.1118881118881,"type":"SaveableImage","height":733.7762237762238},"shape":{"color":"0xff0000ff","x":70.85314685314685,"width":16.293706293706293,"y":104.1118881118881,"type":"SaveableRectangle","height":733.7762237762238},"x":70.85314685314685,"width":16.293706293706293,"y":104.1118881118881,"shapeOrImage":1,"type":"HitBox","height":733.7762237762238},"visible":false,"spriteId":9,"eventBehaviorChain":{"size":0,"type":"EventBehaviorChain"},"type":"Sprite","hitBox":{"x":70.85314685314685,"width":16.293706293706293,"y":104.1118881118881,"type":"HitBox","height":733.7762237762238},"enabled":true},"8":{"customCollisionMap":{"size":0,"defaultCollisionBehavior":{"type":"DoNothingCollisionBehavior"},"type":"CustomCollisionMap"},"appearance":{"image":{"path":"","x":138.3986013986014,"width":57.20279720279721,"y":73.7062937062937,"type":"SaveableImage","height":22.587412587412587},"shape":{"color":"0xff0000ff","x":138.3986013986014,"width":57.20279720279721,"y":73.7062937062937,"type":"SaveableEllipse","height":22.587412587412587},"x":138.3986013986014,"width":57.20279720279721,"y":73.7062937062937,"shapeOrImage":1,"type":"HitBox","height":22.587412587412587},"visible":true,"spriteId":11,"eventBehaviorChain":{"size":0,"type":"EventBehaviorChain"},"type":"Sprite","hitBox":{"x":138.3986013986014,"width":57.20279720279721,"y":73.7062937062937,"type":"HitBox","height":22.587412587412587},"enabled":true}}