{"0":{"customCollisionMap":{"size":0,"defaultCollisionBehavior":{"type":"DoNothingCollisionBehavior"},"type":"CustomCollisionMap"},"appearance":{"image":{"path":"","x":0.1958041958042145,"width":601.6083916083916,"y":451.08391608391617,"type":"SaveableImage","height":327.8321678321677},"shape":{"color":"0xb3b3b3ff","x":0.1958041958042145,"width":601.6083916083916,"y":451.08391608391617,"type":"SaveableRectangle","height":327.8321678321677},"x":0.1958041958042145,"width":601.6083916083916,"y":451.08391608391617,"shapeOrImage":1,"type":"HitBox","height":327.8321678321677},"visible":true,"spriteId":0,"eventBehaviorChain":{"size":0,"type":"EventBehaviorChain"},"type":"Sprite","hitBox":{"x":0.1958041958042145,"width":601.6083916083916,"y":451.08391608391617,"type":"HitBox","height":327.8321678321677},"enabled":true},"1":{"customCollisionMap":{"size":0,"defaultCollisionBehavior":{"type":"DoNothingCollisionBehavior"},"type":"CustomCollisionMap"},"appearance":{"image":{"path":"","x":-0.8041958041957855,"width":601.6083916083916,"y":27.083916083916137,"type":"SaveableImage","height":327.8321678321677},"shape":{"color":"0xb3b3b3ff","x":-0.8041958041957855,"width":601.6083916083916,"y":27.083916083916137,"type":"SaveableRectangle","height":327.8321678321677},"x":-0.8041958041957855,"width":601.6083916083916,"y":27.083916083916137,"shapeOrImage":1,"type":"HitBox","height":327.8321678321677},"visible":true,"spriteId":1,"eventBehaviorChain":{"size":0,"type":"EventBehaviorChain"},"type":"Sprite","hitBox":{"x":-0.8041958041957855,"width":601.6083916083916,"y":27.083916083916137,"type":"HitBox","height":327.8321678321677},"enabled":true},"2":{"customCollisionMap":{"size":0,"defaultCollisionBehavior":{"type":"DoNothingCollisionBehavior"},"type":"CustomCollisionMap"},"appearance":{"image":{"path":"","x":32.3986013986014,"width":57.20279720279721,"y":168.85314685314685,"type":"SaveableImage","height":16.293706293706293},"shape":{"color":"0xe6e64dff","x":32.3986013986014,"width":57.20279720279721,"y":168.85314685314685,"type":"SaveableRectangle","height":16.293706293706293},"x":32.3986013986014,"width":57.20279720279721,"y":168.85314685314685,"shapeOrImage":1,"type":"HitBox","height":16.293706293706293},"visible":true,"spriteId":2,"eventBehaviorChain":{"size":0,"type":"EventBehaviorChain"},"type":"Sprite","hitBox":{"x":32.3986013986014,"width":57.20279720279721,"y":168.85314685314685,"type":"HitBox","height":16.293706293706293},"enabled":true},"3":{"customCollisionMap":{"size":0,"defaultCollisionBehavior":{"type":"DoNothingCollisionBehavior"},"type":"CustomCollisionMap"},"appearance":{"image":{"path":"","x":171.3986013986014,"width":57.20279720279721,"y":168.85314685314685,"type":"SaveableImage","height":16.293706293706293},"shape":{"color":"0xe6e64dff","x":171.3986013986014,"width":57.20279720279721,"y":168.85314685314685,"type":"SaveableRectangle","height":16.293706293706293},"x":171.3986013986014,"width":57.20279720279721,"y":168.85314685314685,"shapeOrImage":1,"type":"HitBox","height":16.293706293706293},"visible":true,"spriteId":3,"eventBehaviorChain":{"size":0,"type":"EventBehaviorChain"},"type":"Sprite","hitBox":{"x":171.3986013986014,"width":57.20279720279721,"y":168.85314685314685,"type":"HitBox","height":16.293706293706293},"enabled":true},"4":{"customCollisionMap":{"size":0,"defaultCollisionBehavior":{"type":"DoNothingCollisionBehavior"},"type":"CustomCollisionMap"},"appearance":{"image":{"path":"","x":317.3986013986014,"width":57.20279720279721,"y":168.85314685314685,"type":"SaveableImage","height":16.293706293706293},"shape":{"color":"0xe6e64dff","x":317.3986013986014,"width":57.20279720279721,"y":168.85314685314685,"type":"SaveableRectangle","height":16.293706293706293},"x":317.3986013986014,"width":57.20279720279721,"y":168.85314685314685,"shapeOrImage":1,"type":"HitBox","height":16.293706293706293},"visible":true,"spriteId":4,"eventBehaviorChain":{"size":0,"type":"EventBehaviorChain"},"type":"Sprite","hitBox":{"x":317.3986013986014,"width":57.20279720279721,"y":168.85314685314685,"type":"HitBox","height":16.293706293706293},"enabled":true},"5":{"customCollisionMap":{"size":0,"defaultCollisionBehavior":{"type":"DoNothingCollisionBehavior"},"type":"CustomCollisionMap"},"appearance":{"image":{"path":"","x":461.3986013986014,"width":57.20279720279721,"y":166.85314685314685,"type":"SaveableImage","height":16.293706293706293},"shape":{"color":"0xe6e64dff","x":461.3986013986014,"width":57.20279720279721,"y":166.85314685314685,"type":"SaveableRectangle","height":16.293706293706293},"x":461.3986013986014,"width":57.20279720279721,"y":166.85314685314685,"shapeOrImage":1,"type":"HitBox","height":16.293706293706293},"visible":true,"spriteId":5,"eventBehaviorChain":{"size":0,"type":"EventBehaviorChain"},"type":"Sprite","hitBox":{"x":461.3986013986014,"width":57.20279720279721,"y":166.85314685314685,"type":"HitBox","height":16.293706293706293},"enabled":true},"6":{"customCollisionMap":{"size":0,"defaultCollisionBehavior":{"type":"DoNothingCollisionBehavior"},"type":"CustomCollisionMap"},"appearance":{"image":{"path":"","x":23.398601398601397,"width":57.20279720279721,"y":635.8531468531469,"type":"SaveableImage","height":16.293706293706293},"shape":{"color":"0xe6e64dff","x":23.398601398601397,"width":57.20279720279721,"y":635.8531468531469,"type":"SaveableRectangle","height":16.293706293706293},"x":23.398601398601397,"width":57.20279720279721,"y":635.8531468531469,"shapeOrImage":1,"type":"HitBox","height":16.293706293706293},"visible":true,"spriteId":6,"eventBehaviorChain":{"size":0,"type":"EventBehaviorChain"},"type":"Sprite","hitBox":{"x":23.398601398601397,"width":57.20279720279721,"y":635.8531468531469,"type":"HitBox","height":16.293706293706293},"enabled":true},"7":{"customCollisionMap":{"size":0,"defaultCollisionBehavior":{"type":"DoNothingCollisionBehavior"},"type":"CustomCollisionMap"},"appearance":{"image":{"path":"","x":170.3986013986014,"width":57.20279720279721,"y":636.8531468531469,"type":"SaveableImage","height":16.293706293706293},"shape":{"color":"0xe6e64dff","x":170.3986013986014,"width":57.20279720279721,"y":636.8531468531469,"type":"SaveableRectangle","height":16.293706293706293},"x":170.3986013986014,"width":57.20279720279721,"y":636.8531468531469,"shapeOrImage":1,"type":"HitBox","height":16.293706293706293},"visible":true,"spriteId":7,"eventBehaviorChain":{"size":0,"type":"EventBehaviorChain"},"type":"Sprite","hitBox":{"x":170.3986013986014,"width":57.20279720279721,"y":636.8531468531469,"type":"HitBox","height":16.293706293706293},"enabled":true},"8":{"customCollisionMap":{"size":0,"defaultCollisionBehavior":{"type":"DoNothingCollisionBehavior"},"type":"CustomCollisionMap"},"appearance":{"image":{"path":"","x":466.3986013986014,"width":57.20279720279721,"y":637.8531468531469,"type":"SaveableImage","height":16.293706293706293},"shape":{"color":"0xe6e64dff","x":466.3986013986014,"width":57.20279720279721,"y":637.8531468531469,"type":"SaveableRectangle","height":16.293706293706293},"x":466.3986013986014,"width":57.20279720279721,"y":637.8531468531469,"shapeOrImage":1,"type":"HitBox","height":16.293706293706293},"visible":true,"spriteId":8,"eventBehaviorChain":{"size":0,"type":"EventBehaviorChain"},"type":"Sprite","hitBox":{"x":466.3986013986014,"width":57.20279720279721,"y":637.8531468531469,"type":"HitBox","height":16.293706293706293},"enabled":true},"9":{"customCollisionMap":{"size":0,"defaultCollisionBehavior":{"type":"DoNothingCollisionBehavior"},"type":"CustomCollisionMap"},"appearance":{"image":{"path":"","x":333.3986013986014,"width":57.20279720279721,"y":636.8531468531469,"type":"SaveableImage","height":16.293706293706293},"shape":{"color":"0xe6e64dff","x":333.3986013986014,"width":57.20279720279721,"y":636.8531468531469,"type":"SaveableRectangle","height":16.293706293706293},"x":333.3986013986014,"width":57.20279720279721,"y":636.8531468531469,"shapeOrImage":1,"type":"HitBox","height":16.293706293706293},"visible":true,"spriteId":9,