{"0":{"customCollisionMap":{"size":0,"defaultCollisionBehavior":{"type":"DoNothingCollisionBehavior"},"type":"CustomCollisionMap"},"appearance":{"image":{"path":"file:\/C:\/Users\/shado\/Desktop\/SoftwareRepos\/Team1-Week5\/donkey_kong.jpg","x":196.97202797202797,"width":144.05594405594405,"y":353.1958041958042,"type":"SaveableImage","height":101.60839160839161},"shape":{"color":"0xff0000ff","x":196.97202797202797,"width":144.05594405594405,"y":353.1958041958042,"type":"SaveableRectangle","height":101.60839160839161},"x":196.97202797202797,"width":144.05594405594405,"y":353.1958041958042,"type":"HitBox","height":101.60839160839161},"spriteId":0,"eventBehaviorChain":{"size":0,"type":"EventBehaviorChain"},"type":"Sprite","hitBox":{"x":196.97202797202797,"width":10.0,"y":353.1958041958042,"type":"HitBox","height":10.0}},"size":1}